FAIL;3910;6
PASS;3910;367
Time;4.6
FAIL images
H:/Test Wrapper Result/Dataset_Train_and_Test_v2/test/fail/fail 11541.png;[[0.9959585]]
H:/Test Wrapper Result/Dataset_Train_and_Test_v2/test/fail/fail 18759.png;[[0.9931282]]
H:/Test Wrapper Result/Dataset_Train_and_Test_v2/test/fail/fail 20873.png;[[0.99152434]]
H:/Test Wrapper Result/Dataset_Train_and_Test_v2/test/fail/fail 5087.png;[[0.99463344]]
H:/Test Wrapper Result/Dataset_Train_and_Test_v2/test/fail/fail 5113.png;[[0.9914213]]
H:/Test Wrapper Result/Dataset_Train_and_Test_v2/test/fail/fail 6.png;[[0.99688417]]
PASS images
H:/Test Wrapper Result/Dataset_Train_and_Test_v2/test/pass/pass 1001.png;[[0.9866409]]
H:/Test Wrapper Result/Dataset_Train_and_Test_v2/test/pass/pass 10183.png;[[0.9874507]]
H:/Test Wrapper Result/Dataset_Train_and_Test_v2/test/pass/pass 10208.png;[[0.9235841]]
H:/Test Wrapper Result/Dataset_Train_and_Test_v2/test/pass/pass 10210.png;[[0.989202]]
H:/Test Wrapper Result/Dataset_Train_and_Test_v2/test/pass/pass 10226.png;[[0.97304386]]
H:/Test Wrapper Result/Dataset_Train_and_Test_v2/test/pass/pass 10267.png;[[0.9875687]]
H:/Test Wrapper Result/Dataset_Train_and_Test_v2/test/pass/pass 1029.png;[[0.97876966]]
H:/Test Wrapper Result/Dataset_Train_and_Test_v2/test/pass/pass 10330.png;[[0.9810464]]
H:/Test Wrapper Result/Dataset_Train_and_Test_v2/test/pass/pass 10341.png;[[0.90728486]]
H:/Test Wrapper Result/Dataset_Train_and_Test_v2/test/pass/pass 10357.png;[[0.97885245]]
H:/Test Wrapper Result/Dataset_Train_and_Test_v2/test/pass/pass 10362.png;[[0.95681614]]
H:/Test Wrapper Result/Dataset_Train_and_Test_v2/test/pass/pass 10392.png;[[0.9878763]]
H:/Test Wrapper Result/Dataset_Train_and_Test_v2/test/pass/pass 10411.png;[[0.9259005]]
H:/Test Wrapper Result/Dataset_Train_and_Test_v2/test/pass/pass 10507.png;[[0.9881798]]
H:/Test Wrapper Result/Dataset_Train_and_Test_v2/test/pass/pass 10516.png;[[0.97984535]]
H:/Test Wrapper Result/Dataset_Train_and_Test_v2/test/pass/pass 10535.png;[[0.75256383]]
H:/Test Wrapper Result/Dataset_Train_and_Test_v2/test/pass/pass 10564.png;[[0.98861027]]
H:/Test Wrapper Result/Dataset_Train_and_Test_v2/test/pass/pass 10566.png;[[0.45362964]]
H:/Test Wrapper Result/Dataset_Train_and_Test_v2/test/pass/pass 10582.png;[[0.9009812]]
H:/Test Wrapper Result/Dataset_Train_and_Test_v2/test/pass/pass 10613.png;[[0.98484313]]
H:/Test Wrapper Result/Dataset_Train_and_Test_v2/test/pass/pass 10638.png;[[0.96689767]]
H:/Test Wrapper Result/Dataset_Train_and_Test_v2/test/pass/pass 10649.png;[[0.9881153]]
H:/Test Wrapper Result/Dataset_Train_and_Test_v2/test/pass/pass 10731.png;[[0.9844072]]
H:/Test Wrapper Result/Dataset_Train_and_Test_v2/test/pass/pass 10738.png;[[0.8427568]]
H:/Test Wrapper Result/Dataset_Train_and_Test_v2/test/pass/pass 10742.png;[[0.9783926]]
H:/Test Wrapper Result/Dataset_Train_and_Test_v2/test/pass/pass 10870.png;[[0.9881639]]
H:/Test Wrapper Result/Dataset_Train_and_Test_v2/test/pass/pass 10880.png;[[0.9898706]]
H:/Test Wrapper Result/Dataset_Train_and_Test_v2/test/pass/pass 10980.png;[[0.95512545]]
H:/Test Wrapper Result/Dataset_Train_and_Test_v2/test/pass/pass 11012.png;[[0.9107368]]
H:/Test Wrapper Result/Dataset_Train_and_Test_v2/test/pass/pass 11015.png;[[0.9851093]]
H:/Test Wrapper Result/Dataset_Train_and_Test_v2/test/pass/pass 11023.png;[[0.98329675]]
H:/Test Wrapper Result/Dataset_Train_and_Test_v2/test/pass/pass 11033.png;[[0.9805109]]
H:/Test Wrapper Result/Dataset_Train_and_Test_v2/test/pass/pass 11034.png;[[0.9833059]]
H:/Test Wrapper Result/Dataset_Train_and_Test_v2/test/pass/pass 11185.png;[[0.9704891]]
H:/Test Wrapper Result/Dataset_Train_and_Test_v2/test/pass/pass 11195.png;[[0.9818263]]
H:/Test Wrapper Result/Dataset_Train_and_Test_v2/test/pass/pass 11226.png;[[0.9572673]]
H:/Test Wrapper Result/Dataset_Train_and_Test_v2/test/pass/pass 11266.png;[[0.98254687]]
H:/Test Wrapper Result/Dataset_Train_and_Test_v2/test/pass/pass 11296.png;[[0.9614316]]
H:/Test Wrapper Result/Dataset_Train_and_Test_v2/test/pass/pass 11313.png;[[0.9889503]]
H:/Test Wrapper Result/Dataset_Train_and_Test_v2/test/pass/pass 11342.png;[[0.9855607]]
H:/Test Wrapper Result/Dataset_Train_and_Test_v2/test/pass/pass 11345.png;[[0.98674196]]
H:/Test Wrapper Result/Dataset_Train_and_Test_v2/test/pass/pass 11399.png;[[0.9887239]]
H:/Test Wrapper Result/Dataset_Train_and_Test_v2/test/pass/pass 11411.png;[[0.98874354]]
H:/Test Wrapper Result/Dataset_Train_and_Test_v2/test/pass/pass 11491.png;[[0.9899276]]
H:/Test Wrapper Result/Dataset_Train_and_Test_v2/test/pass/pass 11494.png;[[0.9823022]]
H:/Test Wrapper Result/Dataset_Train_and_Test_v2/test/pass/pass 11535.png;[[0.9894845]]
H:/Test Wrapper Result/Dataset_Train_and_Test_v2/test/pass/pass 11628.png;[[0.9341314]]
H:/Test Wrapper Result/Dataset_Train_and_Test_v2/test/pass/pass 11684.png;[[0.97997206]]
H:/Test Wrapper Result/Dataset_Train_and_Test_v2/test/pass/pass 11698.png;[[0.9861659]]
H:/Test Wrapper Result/Dataset_Train_and_Test_v2/test/pass/pass 11793.png;[[0.9885627]]
H:/Test Wrapper Result/Dataset_Train_and_Test_v2/test/pass/pass 11879.png;[[0.98767763]]
H:/Test Wrapper Result/Dataset_Train_and_Test_v2/test/pass/pass 11887.png;[[0.98930573]]
H:/Test Wrapper Result/Dataset_Train_and_Test_v2/test/pass/pass 1194.png;[[0.98899734]]
H:/Test Wrapper Result/Dataset_Train_and_Test_v2/test/pass/pass 11943.png;[[0.45990756]]
H:/Test Wrapper Result/Dataset_Train_and_Test_v2/test/pass/pass 11950.png;[[0.9700946]]
H:/Test Wrapper Result/Dataset_Train_and_Test_v2/test/pass/pass 11973.png;[[0.9881473]]
H:/Test Wrapper Result/Dataset_Train_and_Test_v2/test/pass/pass 11974.png;[[0.94372857]]
H:/Test Wrapper Result/Dataset_Train_and_Test_v2/test/pass/pass 11995.png;[[0.98419803]]
H:/Test Wrapper Result/Dataset_Train_and_Test_v2/test/pass/pass 12031.png;[[0.9846219]]
H:/Test Wrapper Result/Dataset_Train_and_Test_v2/test/pass/pass 12035.png;[[0.9883746]]
H:/Test Wrapper Result/Dataset_Train_and_Test_v2/test/pass/pass 12058.png;[[0.98904014]]
H:/Test Wrapper Result/Dataset_Train_and_Test_v2/test/pass/pass 12071.png;[[0.98976094]]
H:/Test Wrapper Result/Dataset_Train_and_Test_v2/test/pass/pass 12116.png;[[0.9742921]]
H:/Test Wrapper Result/Dataset_Train_and_Test_v2/test/pass/pass 12125.png;[[0.9872069]]
H:/Test Wrapper Result/Dataset_Train_and_Test_v2/test/pass/pass 12222.png;[[0.98742443]]
H:/Test Wrapper Result/Dataset_Train_and_Test_v2/test/pass/pass 12245.png;[[0.96176314]]
H:/Test Wrapper Result/Dataset_Train_and_Test_v2/test/pass/pass 12246.png;[[0.8960635]]
H:/Test Wrapper Result/Dataset_Train_and_Test_v2/test/pass/pass 12255.png;[[0.95610595]]
H:/Test Wrapper Result/Dataset_Train_and_Test_v2/test/pass/pass 12356.png;[[0.98147595]]
H:/Test Wrapper Result/Dataset_Train_and_Test_v2/test/pass/pass 1242.png;[[0.989184]]
H:/Test Wrapper Result/Dataset_Train_and_Test_v2/test/pass/pass 12424.png;[[0.9889748]]
H:/Test Wrapper Result/Dataset_Train_and_Test_v2/test/pass/pass 12461.png;[[0.9880512]]
H:/Test Wrapper Result/Dataset_Train_and_Test_v2/test/pass/pass 12464.png;[[0.9857998]]
H:/Test Wrapper Result/Dataset_Train_and_Test_v2/test/pass/pass 12523.png;[[0.98329794]]
H:/Test Wrapper Result/Dataset_Train_and_Test_v2/test/pass/pass 12574.png;[[0.9891444]]
H:/Test Wrapper Result/Dataset_Train_and_Test_v2/test/pass/pass 12575.png;[[0.9420155]]
H:/Test Wrapper Result/Dataset_Train_and_Test_v2/test/pass/pass 12576.png;[[0.98794436]]
H:/Test Wrapper Result/Dataset_Train_and_Test_v2/test/pass/pass 12619.png;[[0.986328]]
H:/Test Wrapper Result/Dataset_Train_and_Test_v2/test/pass/pass 12636.png;[[0.9869081]]
H:/Test Wrapper Result/Dataset_Train_and_Test_v2/test/pass/pass 12643.png;[[0.97708124]]
H:/Test Wrapper Result/Dataset_Train_and_Test_v2/test/pass/pass 12654.png;[[0.9672628]]
H:/Test Wrapper Result/Dataset_Train_and_Test_v2/test/pass/pass 12774.png;[[0.9854876]]
H:/Test Wrapper Result/Dataset_Train_and_Test_v2/test/pass/pass 12817.png;[[0.97915053]]
H:/Test Wrapper Result/Dataset_Train_and_Test_v2/test/pass/pass 12859.png;[[0.98876804]]
H:/Test Wrapper Result/Dataset_Train_and_Test_v2/test/pass/pass 1288.png;[[0.9872585]]
H:/Test Wrapper Result/Dataset_Train_and_Test_v2/test/pass/pass 12880.png;[[0.96682805]]
H:/Test Wrapper Result/Dataset_Train_and_Test_v2/test/pass/pass 12890.png;[[0.9893211]]
H:/Test Wrapper Result/Dataset_Train_and_Test_v2/test/pass/pass 12893.png;[[0.98977214]]
H:/Test Wrapper Result/Dataset_Train_and_Test_v2/test/pass/pass 12917.png;[[0.98016596]]
H:/Test Wrapper Result/Dataset_Train_and_Test_v2/test/pass/pass 12941.png;[[0.9060098]]
H:/Test Wrapper Result/Dataset_Train_and_Test_v2/test/pass/pass 12968.png;[[0.9713218]]
H:/Test Wrapper Result/Dataset_Train_and_Test_v2/test/pass/pass 12974.png;[[0.9822379]]
H:/Test Wrapper Result/Dataset_Train_and_Test_v2/test/pass/pass 13104.png;[[0.9481682]]
H:/Test Wrapper Result/Dataset_Train_and_Test_v2/test/pass/pass 13128.png;[[0.9860249]]
H:/Test Wrapper Result/Dataset_Train_and_Test_v2/test/pass/pass 13132.png;[[0.98600125]]
H:/Test Wrapper Result/Dataset_Train_and_Test_v2/test/pass/pass 13172.png;[[0.98889214]]
H:/Test Wrapper Result/Dataset_Train_and_Test_v2/test/pass/pass 13192.png;[[0.98700655]]
H:/Test Wrapper Result/Dataset_Train_and_Test_v2/test/pass/pass 13223.png;[[0.8809183]]
H:/Test Wrapper Result/Dataset_Train_and_Test_v2/test/pass/pass 13238.png;[[0.98359364]]
H:/Test Wrapper Result/Dataset_Train_and_Test_v2/test/pass/pass 13258.png;[[0.9876496]]
H:/Test Wrapper Result/Dataset_Train_and_Test_v2/test/pass/pass 13307.png;[[0.98713094]]
H:/Test Wrapper Result/Dataset_Train_and_Test_v2/test/pass/pass 1336.png;[[0.9897272]]
H:/Test Wrapper Result/Dataset_Train_and_Test_v2/test/pass/pass 13363.png;[[0.81870973]]
H:/Test Wrapper Result/Dataset_Train_and_Test_v2/test/pass/pass 13364.png;[[0.98640996]]
H:/Test Wrapper Result/Dataset_Train_and_Test_v2/test/pass/pass 13374.png;[[0.98851275]]
H:/Test Wrapper Result/Dataset_Train_and_Test_v2/test/pass/pass 13384.png;[[0.98313266]]
H:/Test Wrapper Result/Dataset_Train_and_Test_v2/test/pass/pass 13431.png;[[0.9895684]]
H:/Test Wrapper Result/Dataset_Train_and_Test_v2/test/pass/pass 13435.png;[[0.96212065]]
H:/Test Wrapper Result/Dataset_Train_and_Test_v2/test/pass/pass 13438.png;[[0.98821044]]
H:/Test Wrapper Result/Dataset_Train_and_Test_v2/test/pass/pass 13459.png;[[0.9775023]]
H:/Test Wrapper Result/Dataset_Train_and_Test_v2/test/pass/pass 13491.png;[[0.8145846]]
H:/Test Wrapper Result/Dataset_Train_and_Test_v2/test/pass/pass 13505.png;[[0.89142805]]
H:/Test Wrapper Result/Dataset_Train_and_Test_v2/test/pass/pass 13506.png;[[0.12113723]]
H:/Test Wrapper Result/Dataset_Train_and_Test_v2/test/pass/pass 13507.png;[[0.9879702]]
H:/Test Wrapper Result/Dataset_Train_and_Test_v2/test/pass/pass 13525.png;[[0.9698798]]
H:/Test Wrapper Result/Dataset_Train_and_Test_v2/test/pass/pass 13586.png;[[0.92524]]
H:/Test Wrapper Result/Dataset_Train_and_Test_v2/test/pass/pass 13618.png;[[0.9639546]]
H:/Test Wrapper Result/Dataset_Train_and_Test_v2/test/pass/pass 13680.png;[[0.98399127]]
H:/Test Wrapper Result/Dataset_Train_and_Test_v2/test/pass/pass 13681.png;[[0.9742088]]
H:/Test Wrapper Result/Dataset_Train_and_Test_v2/test/pass/pass 13682.png;[[0.9601541]]
H:/Test Wrapper Result/Dataset_Train_and_Test_v2/test/pass/pass 13707.png;[[0.938963]]
H:/Test Wrapper Result/Dataset_Train_and_Test_v2/test/pass/pass 13708.png;[[0.9894276]]
H:/Test Wrapper Result/Dataset_Train_and_Test_v2/test/pass/pass 13807.png;[[0.98298246]]
H:/Test Wrapper Result/Dataset_Train_and_Test_v2/test/pass/pass 13822.png;[[0.98903394]]
H:/Test Wrapper Result/Dataset_Train_and_Test_v2/test/pass/pass 13836.png;[[0.9844795]]
H:/Test Wrapper Result/Dataset_Train_and_Test_v2/test/pass/pass 13840.png;[[0.2570949]]
H:/Test Wrapper Result/Dataset_Train_and_Test_v2/test/pass/pass 1396.png;[[0.9838982]]
H:/Test Wrapper Result/Dataset_Train_and_Test_v2/test/pass/pass 1424.png;[[0.9828189]]
H:/Test Wrapper Result/Dataset_Train_and_Test_v2/test/pass/pass 1436.png;[[0.98625714]]
H:/Test Wrapper Result/Dataset_Train_and_Test_v2/test/pass/pass 1444.png;[[0.98071927]]
H:/Test Wrapper Result/Dataset_Train_and_Test_v2/test/pass/pass 1502.png;[[0.9854554]]
H:/Test Wrapper Result/Dataset_Train_and_Test_v2/test/pass/pass 1529.png;[[0.9894421]]
H:/Test Wrapper Result/Dataset_Train_and_Test_v2/test/pass/pass 1567.png;[[0.76619756]]
H:/Test Wrapper Result/Dataset_Train_and_Test_v2/test/pass/pass 1570.png;[[0.9186958]]
H:/Test Wrapper Result/Dataset_Train_and_Test_v2/test/pass/pass 1572.png;[[0.9585168]]
H:/Test Wrapper Result/Dataset_Train_and_Test_v2/test/pass/pass 1696.png;[[0.98995906]]
H:/Test Wrapper Result/Dataset_Train_and_Test_v2/test/pass/pass 1712.png;[[0.97960234]]
H:/Test Wrapper Result/Dataset_Train_and_Test_v2/test/pass/pass 1772.png;[[0.984876]]
H:/Test Wrapper Result/Dataset_Train_and_Test_v2/test/pass/pass 1834.png;[[0.98979074]]
H:/Test Wrapper Result/Dataset_Train_and_Test_v2/test/pass/pass 1856.png;[[0.9697963]]
H:/Test Wrapper Result/Dataset_Train_and_Test_v2/test/pass/pass 186.png;[[0.979106]]
H:/Test Wrapper Result/Dataset_Train_and_Test_v2/test/pass/pass 1893.png;[[0.9828311]]
H:/Test Wrapper Result/Dataset_Train_and_Test_v2/test/pass/pass 191.png;[[0.9778151]]
H:/Test Wrapper Result/Dataset_Train_and_Test_v2/test/pass/pass 1974.png;[[0.9827603]]
H:/Test Wrapper Result/Dataset_Train_and_Test_v2/test/pass/pass 2004.png;[[0.9686923]]
H:/Test Wrapper Result/Dataset_Train_and_Test_v2/test/pass/pass 2010.png;[[0.9884819]]
H:/Test Wrapper Result/Dataset_Train_and_Test_v2/test/pass/pass 2028.png;[[0.96150553]]
H:/Test Wrapper Result/Dataset_Train_and_Test_v2/test/pass/pass 2040.png;[[0.98391485]]
H:/Test Wrapper Result/Dataset_Train_and_Test_v2/test/pass/pass 2044.png;[[0.9884907]]
H:/Test Wrapper Result/Dataset_Train_and_Test_v2/test/pass/pass 2115.png;[[0.9881892]]
H:/Test Wrapper Result/Dataset_Train_and_Test_v2/test/pass/pass 2163.png;[[0.98829544]]
H:/Test Wrapper Result/Dataset_Train_and_Test_v2/test/pass/pass 2179.png;[[0.98153394]]
H:/Test Wrapper Result/Dataset_Train_and_Test_v2/test/pass/pass 222.png;[[0.98897946]]
H:/Test Wrapper Result/Dataset_Train_and_Test_v2/test/pass/pass 2237.png;[[0.9875029]]
H:/Test Wrapper Result/Dataset_Train_and_Test_v2/test/pass/pass 2395.png;[[0.9874342]]
H:/Test Wrapper Result/Dataset_Train_and_Test_v2/test/pass/pass 2454.png;[[0.9792448]]
H:/Test Wrapper Result/Dataset_Train_and_Test_v2/test/pass/pass 2466.png;[[0.97452646]]
H:/Test Wrapper Result/Dataset_Train_and_Test_v2/test/pass/pass 2495.png;[[0.98530364]]
H:/Test Wrapper Result/Dataset_Train_and_Test_v2/test/pass/pass 2502.png;[[0.92480576]]
H:/Test Wrapper Result/Dataset_Train_and_Test_v2/test/pass/pass 2598.png;[[0.9868989]]
H:/Test Wrapper Result/Dataset_Train_and_Test_v2/test/pass/pass 2622.png;[[0.9360662]]
H:/Test Wrapper Result/Dataset_Train_and_Test_v2/test/pass/pass 2662.png;[[0.9841322]]
H:/Test Wrapper Result/Dataset_Train_and_Test_v2/test/pass/pass 2759.png;[[0.98848253]]
H:/Test Wrapper Result/Dataset_Train_and_Test_v2/test/pass/pass 2775.png;[[0.9889444]]
H:/Test Wrapper Result/Dataset_Train_and_Test_v2/test/pass/pass 280.png;[[0.98985624]]
H:/Test Wrapper Result/Dataset_Train_and_Test_v2/test/pass/pass 2910.png;[[0.96927655]]
H:/Test Wrapper Result/Dataset_Train_and_Test_v2/test/pass/pass 297.png;[[0.95172286]]
H:/Test Wrapper Result/Dataset_Train_and_Test_v2/test/pass/pass 3030.png;[[0.98326117]]
H:/Test Wrapper Result/Dataset_Train_and_Test_v2/test/pass/pass 3156.png;[[0.5638267]]
H:/Test Wrapper Result/Dataset_Train_and_Test_v2/test/pass/pass 3159.png;[[0.98772687]]
H:/Test Wrapper Result/Dataset_Train_and_Test_v2/test/pass/pass 3328.png;[[0.9484613]]
H:/Test Wrapper Result/Dataset_Train_and_Test_v2/test/pass/pass 3362.png;[[0.9867106]]
H:/Test Wrapper Result/Dataset_Train_and_Test_v2/test/pass/pass 3386.png;[[0.97320753]]
H:/Test Wrapper Result/Dataset_Train_and_Test_v2/test/pass/pass 34.png;[[0.98654556]]
H:/Test Wrapper Result/Dataset_Train_and_Test_v2/test/pass/pass 3439.png;[[0.9816373]]
H:/Test Wrapper Result/Dataset_Train_and_Test_v2/test/pass/pass 3498.png;[[0.9843441]]
H:/Test Wrapper Result/Dataset_Train_and_Test_v2/test/pass/pass 3526.png;[[0.9586444]]
H:/Test Wrapper Result/Dataset_Train_and_Test_v2/test/pass/pass 3532.png;[[0.9858029]]
H:/Test Wrapper Result/Dataset_Train_and_Test_v2/test/pass/pass 358.png;[[0.98717934]]
H:/Test Wrapper Result/Dataset_Train_and_Test_v2/test/pass/pass 3591.png;[[0.96807843]]
H:/Test Wrapper Result/Dataset_Train_and_Test_v2/test/pass/pass 3650.png;[[0.9747697]]
H:/Test Wrapper Result/Dataset_Train_and_Test_v2/test/pass/pass 3674.png;[[0.8260769]]
H:/Test Wrapper Result/Dataset_Train_and_Test_v2/test/pass/pass 3690.png;[[0.9457061]]
H:/Test Wrapper Result/Dataset_Train_and_Test_v2/test/pass/pass 3735.png;[[0.9778635]]
H:/Test Wrapper Result/Dataset_Train_and_Test_v2/test/pass/pass 3814.png;[[0.9833145]]
H:/Test Wrapper Result/Dataset_Train_and_Test_v2/test/pass/pass 3855.png;[[0.9780059]]
H:/Test Wrapper Result/Dataset_Train_and_Test_v2/test/pass/pass 4035.png;[[0.9876807]]
H:/Test Wrapper Result/Dataset_Train_and_Test_v2/test/pass/pass 4043.png;[[0.9753473]]
H:/Test Wrapper Result/Dataset_Train_and_Test_v2/test/pass/pass 4086.png;[[0.9854069]]
H:/Test Wrapper Result/Dataset_Train_and_Test_v2/test/pass/pass 4095.png;[[0.98967135]]
H:/Test Wrapper Result/Dataset_Train_and_Test_v2/test/pass/pass 4106.png;[[0.98841536]]
H:/Test Wrapper Result/Dataset_Train_and_Test_v2/test/pass/pass 42.png;[[0.9897592]]
H:/Test Wrapper Result/Dataset_Train_and_Test_v2/test/pass/pass 423.png;[[0.9899805]]
H:/Test Wrapper Result/Dataset_Train_and_Test_v2/test/pass/pass 4262.png;[[0.981323]]
H:/Test Wrapper Result/Dataset_Train_and_Test_v2/test/pass/pass 4267.png;[[0.98846495]]
H:/Test Wrapper Result/Dataset_Train_and_Test_v2/test/pass/pass 4413.png;[[0.98915523]]
H:/Test Wrapper Result/Dataset_Train_and_Test_v2/test/pass/pass 4419.png;[[0.925583]]
H:/Test Wrapper Result/Dataset_Train_and_Test_v2/test/pass/pass 443.png;[[0.9697006]]
H:/Test Wrapper Result/Dataset_Train_and_Test_v2/test/pass/pass 4510.png;[[0.9849407]]
H:/Test Wrapper Result/Dataset_Train_and_Test_v2/test/pass/pass 4582.png;[[0.9708355]]
H:/Test Wrapper Result/Dataset_Train_and_Test_v2/test/pass/pass 4684.png;[[0.9876903]]
H:/Test Wrapper Result/Dataset_Train_and_Test_v2/test/pass/pass 4730.png;[[0.98989946]]
H:/Test Wrapper Result/Dataset_Train_and_Test_v2/test/pass/pass 4819.png;[[0.98918146]]
H:/Test Wrapper Result/Dataset_Train_and_Test_v2/test/pass/pass 4842.png;[[0.9842763]]
H:/Test Wrapper Result/Dataset_Train_and_Test_v2/test/pass/pass 4911.png;[[0.9773507]]
H:/Test Wrapper Result/Dataset_Train_and_Test_v2/test/pass/pass 4960.png;[[0.56895614]]
H:/Test Wrapper Result/Dataset_Train_and_Test_v2/test/pass/pass 4990.png;[[0.9884239]]
H:/Test Wrapper Result/Dataset_Train_and_Test_v2/test/pass/pass 5047.png;[[0.988825]]
H:/Test Wrapper Result/Dataset_Train_and_Test_v2/test/pass/pass 5054.png;[[0.97490036]]
H:/Test Wrapper Result/Dataset_Train_and_Test_v2/test/pass/pass 5166.png;[[0.9886785]]
H:/Test Wrapper Result/Dataset_Train_and_Test_v2/test/pass/pass 5218.png;[[0.47244596]]
H:/Test Wrapper Result/Dataset_Train_and_Test_v2/test/pass/pass 5266.png;[[0.68876034]]
H:/Test Wrapper Result/Dataset_Train_and_Test_v2/test/pass/pass 530.png;[[0.9760448]]
H:/Test Wrapper Result/Dataset_Train_and_Test_v2/test/pass/pass 5401.png;[[0.9868776]]
H:/Test Wrapper Result/Dataset_Train_and_Test_v2/test/pass/pass 5447.png;[[0.90754074]]
H:/Test Wrapper Result/Dataset_Train_and_Test_v2/test/pass/pass 5471.png;[[0.98339546]]
H:/Test Wrapper Result/Dataset_Train_and_Test_v2/test/pass/pass 5552.png;[[0.9867758]]
H:/Test Wrapper Result/Dataset_Train_and_Test_v2/test/pass/pass 5575.png;[[0.9809303]]
H:/Test Wrapper Result/Dataset_Train_and_Test_v2/test/pass/pass 5627.png;[[0.98095804]]
H:/Test Wrapper Result/Dataset_Train_and_Test_v2/test/pass/pass 5639.png;[[0.9722004]]
H:/Test Wrapper Result/Dataset_Train_and_Test_v2/test/pass/pass 5649.png;[[0.9897316]]
H:/Test Wrapper Result/Dataset_Train_and_Test_v2/test/pass/pass 5680.png;[[0.95630914]]
H:/Test Wrapper Result/Dataset_Train_and_Test_v2/test/pass/pass 5687.png;[[0.97457606]]
H:/Test Wrapper Result/Dataset_Train_and_Test_v2/test/pass/pass 58.png;[[0.9759996]]
H:/Test Wrapper Result/Dataset_Train_and_Test_v2/test/pass/pass 5815.png;[[0.6017193]]
H:/Test Wrapper Result/Dataset_Train_and_Test_v2/test/pass/pass 5938.png;[[0.9878493]]
H:/Test Wrapper Result/Dataset_Train_and_Test_v2/test/pass/pass 6013.png;[[0.90422875]]
H:/Test Wrapper Result/Dataset_Train_and_Test_v2/test/pass/pass 6111.png;[[0.98988897]]
H:/Test Wrapper Result/Dataset_Train_and_Test_v2/test/pass/pass 6114.png;[[0.9819465]]
H:/Test Wrapper Result/Dataset_Train_and_Test_v2/test/pass/pass 614.png;[[0.98744327]]
H:/Test Wrapper Result/Dataset_Train_and_Test_v2/test/pass/pass 618.png;[[0.985823]]
H:/Test Wrapper Result/Dataset_Train_and_Test_v2/test/pass/pass 6197.png;[[0.27864572]]
H:/Test Wrapper Result/Dataset_Train_and_Test_v2/test/pass/pass 6294.png;[[0.98904514]]
H:/Test Wrapper Result/Dataset_Train_and_Test_v2/test/pass/pass 6361.png;[[0.98401284]]
H:/Test Wrapper Result/Dataset_Train_and_Test_v2/test/pass/pass 6387.png;[[0.9741527]]
H:/Test Wrapper Result/Dataset_Train_and_Test_v2/test/pass/pass 6436.png;[[0.9883382]]
H:/Test Wrapper Result/Dataset_Train_and_Test_v2/test/pass/pass 6498.png;[[0.9665705]]
H:/Test Wrapper Result/Dataset_Train_and_Test_v2/test/pass/pass 6501.png;[[0.9774237]]
H:/Test Wrapper Result/Dataset_Train_and_Test_v2/test/pass/pass 6518.png;[[0.9894895]]
H:/Test Wrapper Result/Dataset_Train_and_Test_v2/test/pass/pass 6525.png;[[0.9734682]]
H:/Test Wrapper Result/Dataset_Train_and_Test_v2/test/pass/pass 6579.png;[[0.9898309]]
H:/Test Wrapper Result/Dataset_Train_and_Test_v2/test/pass/pass 6601.png;[[0.9150859]]
H:/Test Wrapper Result/Dataset_Train_and_Test_v2/test/pass/pass 6609.png;[[0.97472364]]
H:/Test Wrapper Result/Dataset_Train_and_Test_v2/test/pass/pass 6636.png;[[0.9051515]]
H:/Test Wrapper Result/Dataset_Train_and_Test_v2/test/pass/pass 6645.png;[[0.7714979]]
H:/Test Wrapper Result/Dataset_Train_and_Test_v2/test/pass/pass 6744.png;[[0.9618141]]
H:/Test Wrapper Result/Dataset_Train_and_Test_v2/test/pass/pass 6748.png;[[0.9699136]]
H:/Test Wrapper Result/Dataset_Train_and_Test_v2/test/pass/pass 6761.png;[[0.9891263]]
H:/Test Wrapper Result/Dataset_Train_and_Test_v2/test/pass/pass 6773.png;[[0.9861566]]
H:/Test Wrapper Result/Dataset_Train_and_Test_v2/test/pass/pass 6776.png;[[0.98842645]]
H:/Test Wrapper Result/Dataset_Train_and_Test_v2/test/pass/pass 6791.png;[[0.96598756]]
H:/Test Wrapper Result/Dataset_Train_and_Test_v2/test/pass/pass 6804.png;[[0.8508726]]
H:/Test Wrapper Result/Dataset_Train_and_Test_v2/test/pass/pass 6805.png;[[0.962303]]
H:/Test Wrapper Result/Dataset_Train_and_Test_v2/test/pass/pass 6808.png;[[0.5955636]]
H:/Test Wrapper Result/Dataset_Train_and_Test_v2/test/pass/pass 6885.png;[[0.19545388]]
H:/Test Wrapper Result/Dataset_Train_and_Test_v2/test/pass/pass 6891.png;[[0.30000782]]
H:/Test Wrapper Result/Dataset_Train_and_Test_v2/test/pass/pass 6894.png;[[0.9660415]]
H:/Test Wrapper Result/Dataset_Train_and_Test_v2/test/pass/pass 690.png;[[0.8785813]]
H:/Test Wrapper Result/Dataset_Train_and_Test_v2/test/pass/pass 6901.png;[[0.98644155]]
H:/Test Wrapper Result/Dataset_Train_and_Test_v2/test/pass/pass 6908.png;[[0.98356473]]
H:/Test Wrapper Result/Dataset_Train_and_Test_v2/test/pass/pass 6937.png;[[0.9566218]]
H:/Test Wrapper Result/Dataset_Train_and_Test_v2/test/pass/pass 6957.png;[[0.9861454]]
H:/Test Wrapper Result/Dataset_Train_and_Test_v2/test/pass/pass 6968.png;[[0.9826109]]
H:/Test Wrapper Result/Dataset_Train_and_Test_v2/test/pass/pass 7038.png;[[0.97731656]]
H:/Test Wrapper Result/Dataset_Train_and_Test_v2/test/pass/pass 7075.png;[[0.97428155]]
H:/Test Wrapper Result/Dataset_Train_and_Test_v2/test/pass/pass 7143.png;[[0.9650293]]
H:/Test Wrapper Result/Dataset_Train_and_Test_v2/test/pass/pass 7153.png;[[0.98688275]]
H:/Test Wrapper Result/Dataset_Train_and_Test_v2/test/pass/pass 7160.png;[[0.98724335]]
H:/Test Wrapper Result/Dataset_Train_and_Test_v2/test/pass/pass 7183.png;[[0.9602682]]
H:/Test Wrapper Result/Dataset_Train_and_Test_v2/test/pass/pass 7186.png;[[0.982178]]
H:/Test Wrapper Result/Dataset_Train_and_Test_v2/test/pass/pass 7199.png;[[0.9876132]]
H:/Test Wrapper Result/Dataset_Train_and_Test_v2/test/pass/pass 7287.png;[[0.9806168]]
H:/Test Wrapper Result/Dataset_Train_and_Test_v2/test/pass/pass 7288.png;[[0.9813338]]
H:/Test Wrapper Result/Dataset_Train_and_Test_v2/test/pass/pass 7298.png;[[0.98128545]]
H:/Test Wrapper Result/Dataset_Train_and_Test_v2/test/pass/pass 7304.png;[[0.9874012]]
H:/Test Wrapper Result/Dataset_Train_and_Test_v2/test/pass/pass 7312.png;[[0.95878947]]
H:/Test Wrapper Result/Dataset_Train_and_Test_v2/test/pass/pass 7316.png;[[0.98979354]]
H:/Test Wrapper Result/Dataset_Train_and_Test_v2/test/pass/pass 7318.png;[[0.9774294]]
H:/Test Wrapper Result/Dataset_Train_and_Test_v2/test/pass/pass 734.png;[[0.9836511]]
H:/Test Wrapper Result/Dataset_Train_and_Test_v2/test/pass/pass 7340.png;[[0.9887997]]
H:/Test Wrapper Result/Dataset_Train_and_Test_v2/test/pass/pass 7341.png;[[0.9893742]]
H:/Test Wrapper Result/Dataset_Train_and_Test_v2/test/pass/pass 7393.png;[[0.9074838]]
H:/Test Wrapper Result/Dataset_Train_and_Test_v2/test/pass/pass 7395.png;[[0.91176134]]
H:/Test Wrapper Result/Dataset_Train_and_Test_v2/test/pass/pass 7475.png;[[0.98394775]]
H:/Test Wrapper Result/Dataset_Train_and_Test_v2/test/pass/pass 7486.png;[[0.9859802]]
H:/Test Wrapper Result/Dataset_Train_and_Test_v2/test/pass/pass 7501.png;[[0.9882848]]
H:/Test Wrapper Result/Dataset_Train_and_Test_v2/test/pass/pass 7503.png;[[0.87630594]]
H:/Test Wrapper Result/Dataset_Train_and_Test_v2/test/pass/pass 758.png;[[0.98996943]]
H:/Test Wrapper Result/Dataset_Train_and_Test_v2/test/pass/pass 7599.png;[[0.97445166]]
H:/Test Wrapper Result/Dataset_Train_and_Test_v2/test/pass/pass 7601.png;[[0.95276934]]
H:/Test Wrapper Result/Dataset_Train_and_Test_v2/test/pass/pass 7621.png;[[0.98558944]]
H:/Test Wrapper Result/Dataset_Train_and_Test_v2/test/pass/pass 7649.png;[[0.97592807]]
H:/Test Wrapper Result/Dataset_Train_and_Test_v2/test/pass/pass 7675.png;[[0.9752231]]
H:/Test Wrapper Result/Dataset_Train_and_Test_v2/test/pass/pass 7700.png;[[0.984876]]
H:/Test Wrapper Result/Dataset_Train_and_Test_v2/test/pass/pass 7741.png;[[0.9822421]]
H:/Test Wrapper Result/Dataset_Train_and_Test_v2/test/pass/pass 7743.png;[[0.9571467]]
H:/Test Wrapper Result/Dataset_Train_and_Test_v2/test/pass/pass 7767.png;[[0.97631717]]
H:/Test Wrapper Result/Dataset_Train_and_Test_v2/test/pass/pass 7801.png;[[0.97701466]]
H:/Test Wrapper Result/Dataset_Train_and_Test_v2/test/pass/pass 7802.png;[[0.93080753]]
H:/Test Wrapper Result/Dataset_Train_and_Test_v2/test/pass/pass 7844.png;[[0.98734903]]
H:/Test Wrapper Result/Dataset_Train_and_Test_v2/test/pass/pass 7845.png;[[0.9873532]]
H:/Test Wrapper Result/Dataset_Train_and_Test_v2/test/pass/pass 7869.png;[[0.7965046]]
H:/Test Wrapper Result/Dataset_Train_and_Test_v2/test/pass/pass 7904.png;[[0.9895941]]
H:/Test Wrapper Result/Dataset_Train_and_Test_v2/test/pass/pass 7919.png;[[0.9777295]]
H:/Test Wrapper Result/Dataset_Train_and_Test_v2/test/pass/pass 7929.png;[[0.9894142]]
H:/Test Wrapper Result/Dataset_Train_and_Test_v2/test/pass/pass 7942.png;[[0.96666044]]
H:/Test Wrapper Result/Dataset_Train_and_Test_v2/test/pass/pass 7952.png;[[0.9848994]]
H:/Test Wrapper Result/Dataset_Train_and_Test_v2/test/pass/pass 7997.png;[[0.8138251]]
H:/Test Wrapper Result/Dataset_Train_and_Test_v2/test/pass/pass 8017.png;[[0.9846372]]
H:/Test Wrapper Result/Dataset_Train_and_Test_v2/test/pass/pass 8031.png;[[0.2644977]]
H:/Test Wrapper Result/Dataset_Train_and_Test_v2/test/pass/pass 8080.png;[[0.98618525]]
H:/Test Wrapper Result/Dataset_Train_and_Test_v2/test/pass/pass 810.png;[[0.98782164]]
H:/Test Wrapper Result/Dataset_Train_and_Test_v2/test/pass/pass 8122.png;[[0.94825315]]
H:/Test Wrapper Result/Dataset_Train_and_Test_v2/test/pass/pass 8136.png;[[0.91583496]]
H:/Test Wrapper Result/Dataset_Train_and_Test_v2/test/pass/pass 814.png;[[0.9847184]]
H:/Test Wrapper Result/Dataset_Train_and_Test_v2/test/pass/pass 8142.png;[[0.9804186]]
H:/Test Wrapper Result/Dataset_Train_and_Test_v2/test/pass/pass 8143.png;[[0.9832803]]
H:/Test Wrapper Result/Dataset_Train_and_Test_v2/test/pass/pass 8145.png;[[0.9737812]]
H:/Test Wrapper Result/Dataset_Train_and_Test_v2/test/pass/pass 8263.png;[[0.9771755]]
H:/Test Wrapper Result/Dataset_Train_and_Test_v2/test/pass/pass 8266.png;[[0.985742]]
H:/Test Wrapper Result/Dataset_Train_and_Test_v2/test/pass/pass 8290.png;[[0.98707366]]
H:/Test Wrapper Result/Dataset_Train_and_Test_v2/test/pass/pass 8449.png;[[0.98604286]]
H:/Test Wrapper Result/Dataset_Train_and_Test_v2/test/pass/pass 8450.png;[[0.9372753]]
H:/Test Wrapper Result/Dataset_Train_and_Test_v2/test/pass/pass 8464.png;[[0.96935904]]
H:/Test Wrapper Result/Dataset_Train_and_Test_v2/test/pass/pass 8497.png;[[0.9810034]]
H:/Test Wrapper Result/Dataset_Train_and_Test_v2/test/pass/pass 8516.png;[[0.9892095]]
H:/Test Wrapper Result/Dataset_Train_and_Test_v2/test/pass/pass 8605.png;[[0.9660185]]
H:/Test Wrapper Result/Dataset_Train_and_Test_v2/test/pass/pass 8669.png;[[0.98802036]]
H:/Test Wrapper Result/Dataset_Train_and_Test_v2/test/pass/pass 8671.png;[[0.9895397]]
H:/Test Wrapper Result/Dataset_Train_and_Test_v2/test/pass/pass 8704.png;[[0.98355466]]
H:/Test Wrapper Result/Dataset_Train_and_Test_v2/test/pass/pass 8736.png;[[0.98669237]]
H:/Test Wrapper Result/Dataset_Train_and_Test_v2/test/pass/pass 8753.png;[[0.98899895]]
H:/Test Wrapper Result/Dataset_Train_and_Test_v2/test/pass/pass 882.png;[[0.973813]]
H:/Test Wrapper Result/Dataset_Train_and_Test_v2/test/pass/pass 886.png;[[0.9886234]]
H:/Test Wrapper Result/Dataset_Train_and_Test_v2/test/pass/pass 8889.png;[[0.98923254]]
H:/Test Wrapper Result/Dataset_Train_and_Test_v2/test/pass/pass 8922.png;[[0.98174965]]
H:/Test Wrapper Result/Dataset_Train_and_Test_v2/test/pass/pass 8931.png;[[0.9846884]]
H:/Test Wrapper Result/Dataset_Train_and_Test_v2/test/pass/pass 8944.png;[[0.9782814]]
H:/Test Wrapper Result/Dataset_Train_and_Test_v2/test/pass/pass 8960.png;[[0.9869049]]
H:/Test Wrapper Result/Dataset_Train_and_Test_v2/test/pass/pass 897.png;[[0.988618]]
H:/Test Wrapper Result/Dataset_Train_and_Test_v2/test/pass/pass 898.png;[[0.9880084]]
H:/Test Wrapper Result/Dataset_Train_and_Test_v2/test/pass/pass 9027.png;[[0.98855186]]
H:/Test Wrapper Result/Dataset_Train_and_Test_v2/test/pass/pass 9040.png;[[0.9811328]]
H:/Test Wrapper Result/Dataset_Train_and_Test_v2/test/pass/pass 9103.png;[[0.98984057]]
H:/Test Wrapper Result/Dataset_Train_and_Test_v2/test/pass/pass 9125.png;[[0.9853499]]
H:/Test Wrapper Result/Dataset_Train_and_Test_v2/test/pass/pass 914.png;[[0.98149717]]
H:/Test Wrapper Result/Dataset_Train_and_Test_v2/test/pass/pass 9140.png;[[0.9737463]]
H:/Test Wrapper Result/Dataset_Train_and_Test_v2/test/pass/pass 9142.png;[[0.98716104]]
H:/Test Wrapper Result/Dataset_Train_and_Test_v2/test/pass/pass 920.png;[[0.9758992]]
H:/Test Wrapper Result/Dataset_Train_and_Test_v2/test/pass/pass 9249.png;[[0.9867958]]
H:/Test Wrapper Result/Dataset_Train_and_Test_v2/test/pass/pass 926.png;[[0.9855186]]
H:/Test Wrapper Result/Dataset_Train_and_Test_v2/test/pass/pass 9260.png;[[0.9896058]]
H:/Test Wrapper Result/Dataset_Train_and_Test_v2/test/pass/pass 9346.png;[[0.98551404]]
H:/Test Wrapper Result/Dataset_Train_and_Test_v2/test/pass/pass 937.png;[[0.96060467]]
H:/Test Wrapper Result/Dataset_Train_and_Test_v2/test/pass/pass 9405.png;[[0.98566157]]
H:/Test Wrapper Result/Dataset_Train_and_Test_v2/test/pass/pass 9406.png;[[0.951448]]
H:/Test Wrapper Result/Dataset_Train_and_Test_v2/test/pass/pass 9458.png;[[0.9650617]]
H:/Test Wrapper Result/Dataset_Train_and_Test_v2/test/pass/pass 9469.png;[[0.9892062]]
H:/Test Wrapper Result/Dataset_Train_and_Test_v2/test/pass/pass 9470.png;[[0.9832713]]
H:/Test Wrapper Result/Dataset_Train_and_Test_v2/test/pass/pass 957.png;[[0.8999137]]
H:/Test Wrapper Result/Dataset_Train_and_Test_v2/test/pass/pass 9649.png;[[0.98516166]]
H:/Test Wrapper Result/Dataset_Train_and_Test_v2/test/pass/pass 973.png;[[0.9840385]]
H:/Test Wrapper Result/Dataset_Train_and_Test_v2/test/pass/pass 9738.png;[[0.90706325]]
H:/Test Wrapper Result/Dataset_Train_and_Test_v2/test/pass/pass 977.png;[[0.9730516]]
H:/Test Wrapper Result/Dataset_Train_and_Test_v2/test/pass/pass 981.png;[[0.98873925]]
H:/Test Wrapper Result/Dataset_Train_and_Test_v2/test/pass/pass 9812.png;[[0.9863517]]
H:/Test Wrapper Result/Dataset_Train_and_Test_v2/test/pass/pass 9901.png;[[0.9593955]]
